{
    "category": "world",
    "dimension": 2,
    "description": "N/A",
    "color": "black",
    "shapes": [
        {
            "type": "polygon",
            "color": "black",
            "x_points": [2.848734,   2.356159, 1.909518, 1.426618,   0.926709, 0,        0,         0.927293, 1.423218, 1.902271, 2.345353, 2.834800 ],
            "y_points": [-0.799436, -0.387908, -0.160582, -0.026521, 0.008930, 0.008930, -0.011062, -0.011062, -0.046230, -0.179223, -0.404737, -0.813783 ]
        },
        {
            "type": "polygon",
            "color": "black",
            "x_points": [3.510000, 3.459967, 3.311863, 3.021592, 3.005086, 3.293442, 3.440366, 3.490000 ],
            "y_points": [-2.500000, -2.001340, -1.522560, -1.032747, -1.044040, -1.530348, -2.005313, -2.500000 ]
        },
        {
            "type": "polygon",
            "color": "black",
            "x_points": [3.49, 3.49, 3.51, 3.51],
            "y_points": [-2.75, -6.50, -6.50, -2.75]
        }
    ]
}