{
    "category": "world",
    "dimension": 2,
    "description": "N/A",
    "color": "black",
    "shapes": [
        {
            "type": "polygon",
            "color": "black",
            "x_points": [0,   9.2700119e-01,   1.4249179e+00,   1.9058944e+00,   2.3507558e+00,   2.7417668e+00,   3.0633390e+00,   3.3026525e+00,   3.4501664e+00,   3.5000000e+00, 0],
            "y_points": [-0.5, -5.0106599e-01,   -5.3637568e-01,   -6.6990229e-01,   -8.9632254e-01,   -1.2066098e+00,   -1.5883938e+00,   -2.0264541e+00,   -2.5033267e+00,   -3.0000000e+00, -3]
        },
        {
            "type": "polygon",
            "color": "black",
            "x_points": [0,     3.5,  3.5,  0],
            "y_points": [-4, -4, -8,   -8]
        }
    ]
}